[
  {
    "url": "https://www.northamericanforts.com/East/al.html",
    "section": "East",
    "filename": "al",
    "state_code": "al",
    "state_name": "Alabama"
  },
  {
    "url": "https://www.northamericanforts.com/East/almobile.html",
    "section": "East",
    "filename": "almobile",
    "state_code": "al",
    "state_name": "Alabama"
  },
  {
    "url": "https://www.northamericanforts.com/East/alnorth.html",
    "section": "East",
    "filename": "alnorth",
    "state_code": "al",
    "state_name": "Alabama"
  },
  {
    "url": "https://www.northamericanforts.com/East/atlantic.html",
    "section": "East",
    "filename": "atlantic",
    "state_code": "at",
    "state_name": "AT"
  },
  {
    "url": "https://www.northamericanforts.com/East/ct.html",
    "section": "East",
    "filename": "ct",
    "state_code": "ct",
    "state_name": "Connecticut"
  },
  {
    "url": "https://www.northamericanforts.com/East/cz.html",
    "section": "East",
    "filename": "cz",
    "state_code": "cz",
    "state_name": "CZ"
  },
  {
    "url": "https://www.northamericanforts.com/East/dc.html",
    "section": "East",
    "filename": "dc",
    "state_code": "dc",
    "state_name": "District of Columbia"
  },
  {
    "url": "https://www.northamericanforts.com/East/de.html",
    "section": "East",
    "filename": "de",
    "state_code": "de",
    "state_name": "Delaware"
  },
  {
    "url": "https://www.northamericanforts.com/East/eastforts.html",
    "section": "East",
    "filename": "eastforts",
    "state_code": "ea",
    "state_name": "EA"
  },
  {
    "url": "https://www.northamericanforts.com/East/fl.html",
    "section": "East",
    "filename": "fl",
    "state_code": "fl",
    "state_name": "Florida"
  },
  {
    "url": "https://www.northamericanforts.com/East/flcentral.html",
    "section": "East",
    "filename": "flcentral",
    "state_code": "fl",
    "state_name": "Florida"
  },
  {
    "url": "https://www.northamericanforts.com/East/fleast.html",
    "section": "East",
    "filename": "fleast",
    "state_code": "fl",
    "state_name": "Florida"
  },
  {
    "url": "https://www.northamericanforts.com/East/fljack.html",
    "section": "East",
    "filename": "fljack",
    "state_code": "fl",
    "state_name": "Florida"
  },
  {
    "url": "https://www.northamericanforts.com/East/flmiddle.html",
    "section": "East",
    "filename": "flmiddle",
    "state_code": "fl",
    "state_name": "Florida"
  },
  {
    "url": "https://www.northamericanforts.com/East/flpen.html",
    "section": "East",
    "filename": "flpen",
    "state_code": "fl",
    "state_name": "Florida"
  },
  {
    "url": "https://www.northamericanforts.com/East/flsouth.html",
    "section": "East",
    "filename": "flsouth",
    "state_code": "fl",
    "state_name": "Florida"
  },
  {
    "url": "https://www.northamericanforts.com/East/flwest.html",
    "section": "East",
    "filename": "flwest",
    "state_code": "fl",
    "state_name": "Florida"
  },
  {
    "url": "https://www.northamericanforts.com/East/ga-atl.html",
    "section": "East",
    "filename": "ga-atl",
    "state_code": "ga",
    "state_name": "Georgia"
  },
  {
    "url": "https://www.northamericanforts.com/East/ga-central.html",
    "section": "East",
    "filename": "ga-central",
    "state_code": "ga",
    "state_name": "Georgia"
  },
  {
    "url": "https://www.northamericanforts.com/East/ga-north.html",
    "section": "East",
    "filename": "ga-north",
    "state_code": "ga",
    "state_name": "Georgia"
  },
  {
    "url": "https://www.northamericanforts.com/East/ga-north2.html",
    "section": "East",
    "filename": "ga-north2",
    "state_code": "ga",
    "state_name": "Georgia"
  },
  {
    "url": "https://www.northamericanforts.com/East/ga-sav.html",
    "section": "East",
    "filename": "ga-sav",
    "state_code": "ga",
    "state_name": "Georgia"
  },
  {
    "url": "https://www.northamericanforts.com/East/ga-socoast.html",
    "section": "East",
    "filename": "ga-socoast",
    "state_code": "ga",
    "state_name": "Georgia"
  },
  {
    "url": "https://www.northamericanforts.com/East/ga-south.html",
    "section": "East",
    "filename": "ga-south",
    "state_code": "ga",
    "state_name": "Georgia"
  },
  {
    "url": "https://www.northamericanforts.com/East/ga.html",
    "section": "East",
    "filename": "ga",
    "state_code": "ga",
    "state_name": "Georgia"
  },
  {
    "url": "https://www.northamericanforts.com/East/gb.html",
    "section": "East",
    "filename": "gb",
    "state_code": "gb",
    "state_name": "GB"
  },
  {
    "url": "https://www.northamericanforts.com/East/il.html",
    "section": "East",
    "filename": "il",
    "state_code": "il",
    "state_name": "Illinois"
  },
  {
    "url": "https://www.northamericanforts.com/East/ilsouth.html",
    "section": "East",
    "filename": "ilsouth",
    "state_code": "il",
    "state_name": "Illinois"
  },
  {
    "url": "https://www.northamericanforts.com/East/in.html",
    "section": "East",
    "filename": "in",
    "state_code": "in",
    "state_name": "Indiana"
  },
  {
    "url": "https://www.northamericanforts.com/East/insouth.html",
    "section": "East",
    "filename": "insouth",
    "state_code": "in",
    "state_name": "Indiana"
  },
  {
    "url": "https://www.northamericanforts.com/East/ky.html",
    "section": "East",
    "filename": "ky",
    "state_code": "ky",
    "state_name": "Kentucky"
  },
  {
    "url": "https://www.northamericanforts.com/East/kycent1.html",
    "section": "East",
    "filename": "kycent1",
    "state_code": "ky",
    "state_name": "Kentucky"
  },
  {
    "url": "https://www.northamericanforts.com/East/kycent2.html",
    "section": "East",
    "filename": "kycent2",
    "state_code": "ky",
    "state_name": "Kentucky"
  },
  {
    "url": "https://www.northamericanforts.com/East/kyeast.html",
    "section": "East",
    "filename": "kyeast",
    "state_code": "ky",
    "state_name": "Kentucky"
  },
  {
    "url": "https://www.northamericanforts.com/East/kywest.html",
    "section": "East",
    "filename": "kywest",
    "state_code": "ky",
    "state_name": "Kentucky"
  },
  {
    "url": "https://www.northamericanforts.com/East/la.html",
    "section": "East",
    "filename": "la",
    "state_code": "la",
    "state_name": "Louisiana"
  },
  {
    "url": "https://www.northamericanforts.com/East/lacentral.html",
    "section": "East",
    "filename": "lacentral",
    "state_code": "la",
    "state_name": "Louisiana"
  },
  {
    "url": "https://www.northamericanforts.com/East/ladelta.html",
    "section": "East",
    "filename": "ladelta",
    "state_code": "la",
    "state_name": "Louisiana"
  },
  {
    "url": "https://www.northamericanforts.com/East/laflor.html",
    "section": "East",
    "filename": "laflor",
    "state_code": "la",
    "state_name": "Louisiana"
  },
  {
    "url": "https://www.northamericanforts.com/East/lasouth.html",
    "section": "East",
    "filename": "lasouth",
    "state_code": "la",
    "state_name": "Louisiana"
  },
  {
    "url": "https://www.northamericanforts.com/East/ma.html",
    "section": "East",
    "filename": "ma",
    "state_code": "ma",
    "state_name": "Massachusetts"
  },
  {
    "url": "https://www.northamericanforts.com/East/maboston1.html",
    "section": "East",
    "filename": "maboston1",
    "state_code": "ma",
    "state_name": "Massachusetts"
  },
  {
    "url": "https://www.northamericanforts.com/East/maboston2.html",
    "section": "East",
    "filename": "maboston2",
    "state_code": "ma",
    "state_name": "Massachusetts"
  },
  {
    "url": "https://www.northamericanforts.com/East/masouth.html",
    "section": "East",
    "filename": "masouth",
    "state_code": "ma",
    "state_name": "Massachusetts"
  },
  {
    "url": "https://www.northamericanforts.com/East/mawest.html",
    "section": "East",
    "filename": "mawest",
    "state_code": "ma",
    "state_name": "Massachusetts"
  },
  {
    "url": "https://www.northamericanforts.com/East/md.html",
    "section": "East",
    "filename": "md",
    "state_code": "md",
    "state_name": "Maryland"
  },
  {
    "url": "https://www.northamericanforts.com/East/mdbalt.html",
    "section": "East",
    "filename": "mdbalt",
    "state_code": "md",
    "state_name": "Maryland"
  },
  {
    "url": "https://www.northamericanforts.com/East/mdwest.html",
    "section": "East",
    "filename": "mdwest",
    "state_code": "md",
    "state_name": "Maryland"
  },
  {
    "url": "https://www.northamericanforts.com/East/me.html",
    "section": "East",
    "filename": "me",
    "state_code": "me",
    "state_name": "Maine"
  },
  {
    "url": "https://www.northamericanforts.com/East/me2.html",
    "section": "East",
    "filename": "me2",
    "state_code": "me",
    "state_name": "Maine"
  },
  {
    "url": "https://www.northamericanforts.com/East/me3.html",
    "section": "East",
    "filename": "me3",
    "state_code": "me",
    "state_name": "Maine"
  },
  {
    "url": "https://www.northamericanforts.com/East/me4.html",
    "section": "East",
    "filename": "me4",
    "state_code": "me",
    "state_name": "Maine"
  },
  {
    "url": "https://www.northamericanforts.com/East/mi.html",
    "section": "East",
    "filename": "mi",
    "state_code": "mi",
    "state_name": "Michigan"
  },
  {
    "url": "https://www.northamericanforts.com/East/ms.html",
    "section": "East",
    "filename": "ms",
    "state_code": "ms",
    "state_name": "Mississippi"
  },
  {
    "url": "https://www.northamericanforts.com/East/nc-central.html",
    "section": "East",
    "filename": "nc-central",
    "state_code": "nc",
    "state_name": "North Carolina"
  },
  {
    "url": "https://www.northamericanforts.com/East/nc-west.html",
    "section": "East",
    "filename": "nc-west",
    "state_code": "nc",
    "state_name": "North Carolina"
  },
  {
    "url": "https://www.northamericanforts.com/East/nc.html",
    "section": "East",
    "filename": "nc",
    "state_code": "nc",
    "state_name": "North Carolina"
  },
  {
    "url": "https://www.northamericanforts.com/East/nc2.html",
    "section": "East",
    "filename": "nc2",
    "state_code": "nc",
    "state_name": "North Carolina"
  },
  {
    "url": "https://www.northamericanforts.com/East/nc3.html",
    "section": "East",
    "filename": "nc3",
    "state_code": "nc",
    "state_name": "North Carolina"
  },
  {
    "url": "https://www.northamericanforts.com/East/nh.html",
    "section": "East",
    "filename": "nh",
    "state_code": "nh",
    "state_name": "New Hampshire"
  },
  {
    "url": "https://www.northamericanforts.com/East/nhwest.html",
    "section": "East",
    "filename": "nhwest",
    "state_code": "nh",
    "state_name": "New Hampshire"
  },
  {
    "url": "https://www.northamericanforts.com/East/nj.html",
    "section": "East",
    "filename": "nj",
    "state_code": "nj",
    "state_name": "New Jersey"
  },
  {
    "url": "https://www.northamericanforts.com/East/njsouth.html",
    "section": "East",
    "filename": "njsouth",
    "state_code": "nj",
    "state_name": "New Jersey"
  },
  {
    "url": "https://www.northamericanforts.com/East/ny.html",
    "section": "East",
    "filename": "ny",
    "state_code": "ny",
    "state_name": "New York"
  },
  {
    "url": "https://www.northamericanforts.com/East/nycatskill.html",
    "section": "East",
    "filename": "nycatskill",
    "state_code": "ny",
    "state_name": "New York"
  },
  {
    "url": "https://www.northamericanforts.com/East/nycity.html",
    "section": "East",
    "filename": "nycity",
    "state_code": "ny",
    "state_name": "New York"
  },
  {
    "url": "https://www.northamericanforts.com/East/nycity2.html",
    "section": "East",
    "filename": "nycity2",
    "state_code": "ny",
    "state_name": "New York"
  },
  {
    "url": "https://www.northamericanforts.com/East/nycity3.html",
    "section": "East",
    "filename": "nycity3",
    "state_code": "ny",
    "state_name": "New York"
  },
  {
    "url": "https://www.northamericanforts.com/East/nyhudson.html",
    "section": "East",
    "filename": "nyhudson",
    "state_code": "ny",
    "state_name": "New York"
  },
  {
    "url": "https://www.northamericanforts.com/East/nylong.html",
    "section": "East",
    "filename": "nylong",
    "state_code": "ny",
    "state_name": "New York"
  },
  {
    "url": "https://www.northamericanforts.com/East/nymohawk.html",
    "section": "East",
    "filename": "nymohawk",
    "state_code": "ny",
    "state_name": "New York"
  },
  {
    "url": "https://www.northamericanforts.com/East/nynorwest.html",
    "section": "East",
    "filename": "nynorwest",
    "state_code": "ny",
    "state_name": "New York"
  },
  {
    "url": "https://www.northamericanforts.com/East/nywest.html",
    "section": "East",
    "filename": "nywest",
    "state_code": "ny",
    "state_name": "New York"
  },
  {
    "url": "https://www.northamericanforts.com/East/oh-ne.html",
    "section": "East",
    "filename": "oh-ne",
    "state_code": "oh",
    "state_name": "Ohio"
  },
  {
    "url": "https://www.northamericanforts.com/East/oh-se.html",
    "section": "East",
    "filename": "oh-se",
    "state_code": "oh",
    "state_name": "Ohio"
  },
  {
    "url": "https://www.northamericanforts.com/East/oh-sw.html",
    "section": "East",
    "filename": "oh-sw",
    "state_code": "oh",
    "state_name": "Ohio"
  },
  {
    "url": "https://www.northamericanforts.com/East/oh-toledo.html",
    "section": "East",
    "filename": "oh-toledo",
    "state_code": "oh",
    "state_name": "Ohio"
  },
  {
    "url": "https://www.northamericanforts.com/East/oh.html",
    "section": "East",
    "filename": "oh",
    "state_code": "oh",
    "state_name": "Ohio"
  },
  {
    "url": "https://www.northamericanforts.com/East/pa-central.html",
    "section": "East",
    "filename": "pa-central",
    "state_code": "pa",
    "state_name": "Pennsylvania"
  },
  {
    "url": "https://www.northamericanforts.com/East/pa-noreast.html",
    "section": "East",
    "filename": "pa-noreast",
    "state_code": "pa",
    "state_name": "Pennsylvania"
  },
  {
    "url": "https://www.northamericanforts.com/East/pa-norwest.html",
    "section": "East",
    "filename": "pa-norwest",
    "state_code": "pa",
    "state_name": "Pennsylvania"
  },
  {
    "url": "https://www.northamericanforts.com/East/pa-pitt.html",
    "section": "East",
    "filename": "pa-pitt",
    "state_code": "pa",
    "state_name": "Pennsylvania"
  },
  {
    "url": "https://www.northamericanforts.com/East/pa-south1.html",
    "section": "East",
    "filename": "pa-south1",
    "state_code": "pa",
    "state_name": "Pennsylvania"
  },
  {
    "url": "https://www.northamericanforts.com/East/pa-south2.html",
    "section": "East",
    "filename": "pa-south2",
    "state_code": "pa",
    "state_name": "Pennsylvania"
  },
  {
    "url": "https://www.northamericanforts.com/East/pa-west.html",
    "section": "East",
    "filename": "pa-west",
    "state_code": "pa",
    "state_name": "Pennsylvania"
  },
  {
    "url": "https://www.northamericanforts.com/East/pa.html",
    "section": "East",
    "filename": "pa",
    "state_code": "pa",
    "state_name": "Pennsylvania"
  },
  {
    "url": "https://www.northamericanforts.com/East/pr.html",
    "section": "East",
    "filename": "pr",
    "state_code": "pr",
    "state_name": "Puerto Rico"
  },
  {
    "url": "https://www.northamericanforts.com/East/ri.html",
    "section": "East",
    "filename": "ri",
    "state_code": "ri",
    "state_name": "Rhode Island"
  },
  {
    "url": "https://www.northamericanforts.com/East/ri2.html",
    "section": "East",
    "filename": "ri2",
    "state_code": "ri",
    "state_name": "Rhode Island"
  },
  {
    "url": "https://www.northamericanforts.com/East/ri3.html",
    "section": "East",
    "filename": "ri3",
    "state_code": "ri",
    "state_name": "Rhode Island"
  },
  {
    "url": "https://www.northamericanforts.com/East/sc-north.html",
    "section": "East",
    "filename": "sc-north",
    "state_code": "sc",
    "state_name": "South Carolina"
  },
  {
    "url": "https://www.northamericanforts.com/East/sc-port.html",
    "section": "East",
    "filename": "sc-port",
    "state_code": "sc",
    "state_name": "South Carolina"
  },
  {
    "url": "https://www.northamericanforts.com/East/sc.html",
    "section": "East",
    "filename": "sc",
    "state_code": "sc",
    "state_name": "South Carolina"
  },
  {
    "url": "https://www.northamericanforts.com/East/sc2.html",
    "section": "East",
    "filename": "sc2",
    "state_code": "sc",
    "state_name": "South Carolina"
  },
  {
    "url": "https://www.northamericanforts.com/East/sc3.html",
    "section": "East",
    "filename": "sc3",
    "state_code": "sc",
    "state_name": "South Carolina"
  },
  {
    "url": "https://www.northamericanforts.com/East/tn-cent.html",
    "section": "East",
    "filename": "tn-cent",
    "state_code": "tn",
    "state_name": "Tennessee"
  },
  {
    "url": "https://www.northamericanforts.com/East/tn-nash.html",
    "section": "East",
    "filename": "tn-nash",
    "state_code": "tn",
    "state_name": "Tennessee"
  },
  {
    "url": "https://www.northamericanforts.com/East/tn-se.html",
    "section": "East",
    "filename": "tn-se",
    "state_code": "tn",
    "state_name": "Tennessee"
  },
  {
    "url": "https://www.northamericanforts.com/East/tn-west.html",
    "section": "East",
    "filename": "tn-west",
    "state_code": "tn",
    "state_name": "Tennessee"
  },
  {
    "url": "https://www.northamericanforts.com/East/tn.html",
    "section": "East",
    "filename": "tn",
    "state_code": "tn",
    "state_name": "Tennessee"
  },
  {
    "url": "https://www.northamericanforts.com/East/va.html",
    "section": "East",
    "filename": "va",
    "state_code": "va",
    "state_name": "Virginia"
  },
  {
    "url": "https://www.northamericanforts.com/East/vacentral1.html",
    "section": "East",
    "filename": "vacentral1",
    "state_code": "va",
    "state_name": "Virginia"
  },
  {
    "url": "https://www.northamericanforts.com/East/vacentral2.html",
    "section": "East",
    "filename": "vacentral2",
    "state_code": "va",
    "state_name": "Virginia"
  },
  {
    "url": "https://www.northamericanforts.com/East/vaeast.html",
    "section": "East",
    "filename": "vaeast",
    "state_code": "va",
    "state_name": "Virginia"
  },
  {
    "url": "https://www.northamericanforts.com/East/vajames.html",
    "section": "East",
    "filename": "vajames",
    "state_code": "va",
    "state_name": "Virginia"
  },
  {
    "url": "https://www.northamericanforts.com/East/vanorth.html",
    "section": "East",
    "filename": "vanorth",
    "state_code": "va",
    "state_name": "Virginia"
  },
  {
    "url": "https://www.northamericanforts.com/East/vanorwest.html",
    "section": "East",
    "filename": "vanorwest",
    "state_code": "va",
    "state_name": "Virginia"
  },
  {
    "url": "https://www.northamericanforts.com/East/varich.html",
    "section": "East",
    "filename": "varich",
    "state_code": "va",
    "state_name": "Virginia"
  },
  {
    "url": "https://www.northamericanforts.com/East/varoads.html",
    "section": "East",
    "filename": "varoads",
    "state_code": "va",
    "state_name": "Virginia"
  },
  {
    "url": "https://www.northamericanforts.com/East/vasowest.html",
    "section": "East",
    "filename": "vasowest",
    "state_code": "va",
    "state_name": "Virginia"
  },
  {
    "url": "https://www.northamericanforts.com/East/vatide.html",
    "section": "East",
    "filename": "vatide",
    "state_code": "va",
    "state_name": "Virginia"
  },
  {
    "url": "https://www.northamericanforts.com/East/vi.html",
    "section": "East",
    "filename": "vi",
    "state_code": "vi",
    "state_name": "VI"
  },
  {
    "url": "https://www.northamericanforts.com/East/vt.html",
    "section": "East",
    "filename": "vt",
    "state_code": "vt",
    "state_name": "Vermont"
  },
  {
    "url": "https://www.northamericanforts.com/East/wi.html",
    "section": "East",
    "filename": "wi",
    "state_code": "wi",
    "state_name": "Wisconsin"
  },
  {
    "url": "https://www.northamericanforts.com/East/wv.html",
    "section": "East",
    "filename": "wv",
    "state_code": "wv",
    "state_name": "West Virginia"
  },
  {
    "url": "https://www.northamericanforts.com/East/wveast.html",
    "section": "East",
    "filename": "wveast",
    "state_code": "wv",
    "state_name": "West Virginia"
  },
  {
    "url": "https://www.northamericanforts.com/East/wvsouth.html",
    "section": "East",
    "filename": "wvsouth",
    "state_code": "wv",
    "state_name": "West Virginia"
  },
  {
    "url": "https://www.northamericanforts.com/West/ak.html",
    "section": "West",
    "filename": "ak",
    "state_code": "ak",
    "state_name": "Alaska"
  },
  {
    "url": "https://www.northamericanforts.com/West/ak2.html",
    "section": "West",
    "filename": "ak2",
    "state_code": "ak",
    "state_name": "Alaska"
  },
  {
    "url": "https://www.northamericanforts.com/West/ak3.html",
    "section": "West",
    "filename": "ak3",
    "state_code": "ak",
    "state_name": "Alaska"
  },
  {
    "url": "https://www.northamericanforts.com/West/ar.html",
    "section": "West",
    "filename": "ar",
    "state_code": "ar",
    "state_name": "Arkansas"
  },
  {
    "url": "https://www.northamericanforts.com/West/as.html",
    "section": "West",
    "filename": "as",
    "state_code": "as",
    "state_name": "American Samoa"
  },
  {
    "url": "https://www.northamericanforts.com/West/az.html",
    "section": "West",
    "filename": "az",
    "state_code": "az",
    "state_name": "Arizona"
  },
  {
    "url": "https://www.northamericanforts.com/West/az2.html",
    "section": "West",
    "filename": "az2",
    "state_code": "az",
    "state_name": "Arizona"
  },
  {
    "url": "https://www.northamericanforts.com/West/ca-central.html",
    "section": "West",
    "filename": "ca-central",
    "state_code": "ca",
    "state_name": "California"
  },
  {
    "url": "https://www.northamericanforts.com/West/ca-sfbay.html",
    "section": "West",
    "filename": "ca-sfbay",
    "state_code": "ca",
    "state_name": "California"
  },
  {
    "url": "https://www.northamericanforts.com/West/ca-sfbay2.html",
    "section": "West",
    "filename": "ca-sfbay2",
    "state_code": "ca",
    "state_name": "California"
  },
  {
    "url": "https://www.northamericanforts.com/West/ca-south1.html",
    "section": "West",
    "filename": "ca-south1",
    "state_code": "ca",
    "state_name": "California"
  },
  {
    "url": "https://www.northamericanforts.com/West/ca-south2.html",
    "section": "West",
    "filename": "ca-south2",
    "state_code": "ca",
    "state_name": "California"
  },
  {
    "url": "https://www.northamericanforts.com/West/ca.html",
    "section": "West",
    "filename": "ca",
    "state_code": "ca",
    "state_name": "California"
  },
  {
    "url": "https://www.northamericanforts.com/West/co.html",
    "section": "West",
    "filename": "co",
    "state_code": "co",
    "state_name": "Colorado"
  },
  {
    "url": "https://www.northamericanforts.com/West/co2.html",
    "section": "West",
    "filename": "co2",
    "state_code": "co",
    "state_name": "Colorado"
  },
  {
    "url": "https://www.northamericanforts.com/West/co3.html",
    "section": "West",
    "filename": "co3",
    "state_code": "co",
    "state_name": "Colorado"
  },
  {
    "url": "https://www.northamericanforts.com/West/gu.html",
    "section": "West",
    "filename": "gu",
    "state_code": "gu",
    "state_name": "Guam"
  },
  {
    "url": "https://www.northamericanforts.com/West/hi-islands.html",
    "section": "West",
    "filename": "hi-islands",
    "state_code": "hi",
    "state_name": "Hawaii"
  },
  {
    "url": "https://www.northamericanforts.com/West/hi-north.html",
    "section": "West",
    "filename": "hi-north",
    "state_code": "hi",
    "state_name": "Hawaii"
  },
  {
    "url": "https://www.northamericanforts.com/West/hi-pearl.html",
    "section": "West",
    "filename": "hi-pearl",
    "state_code": "hi",
    "state_name": "Hawaii"
  },
  {
    "url": "https://www.northamericanforts.com/West/hi.html",
    "section": "West",
    "filename": "hi",
    "state_code": "hi",
    "state_name": "Hawaii"
  },
  {
    "url": "https://www.northamericanforts.com/West/ia.html",
    "section": "West",
    "filename": "ia",
    "state_code": "ia",
    "state_name": "Iowa"
  },
  {
    "url": "https://www.northamericanforts.com/West/id.html",
    "section": "West",
    "filename": "id",
    "state_code": "id",
    "state_name": "Idaho"
  },
  {
    "url": "https://www.northamericanforts.com/West/ks.html",
    "section": "West",
    "filename": "ks",
    "state_code": "ks",
    "state_name": "Kansas"
  },
  {
    "url": "https://www.northamericanforts.com/West/kswest.html",
    "section": "West",
    "filename": "kswest",
    "state_code": "ks",
    "state_name": "Kansas"
  },
  {
    "url": "https://www.northamericanforts.com/West/mexico.html",
    "section": "West",
    "filename": "mexico",
    "state_code": "me",
    "state_name": "Maine"
  },
  {
    "url": "https://www.northamericanforts.com/West/mn.html",
    "section": "West",
    "filename": "mn",
    "state_code": "mn",
    "state_name": "Minnesota"
  },
  {
    "url": "https://www.northamericanforts.com/West/mn2.html",
    "section": "West",
    "filename": "mn2",
    "state_code": "mn",
    "state_name": "Minnesota"
  },
  {
    "url": "https://www.northamericanforts.com/West/mo.html",
    "section": "West",
    "filename": "mo",
    "state_code": "mo",
    "state_name": "Missouri"
  },
  {
    "url": "https://www.northamericanforts.com/West/mosouth.html",
    "section": "West",
    "filename": "mosouth",
    "state_code": "mo",
    "state_name": "Missouri"
  },
  {
    "url": "https://www.northamericanforts.com/West/mt.html",
    "section": "West",
    "filename": "mt",
    "state_code": "mt",
    "state_name": "Montana"
  },
  {
    "url": "https://www.northamericanforts.com/West/mt2.html",
    "section": "West",
    "filename": "mt2",
    "state_code": "mt",
    "state_name": "Montana"
  },
  {
    "url": "https://www.northamericanforts.com/West/mt3.html",
    "section": "West",
    "filename": "mt3",
    "state_code": "mt",
    "state_name": "Montana"
  },
  {
    "url": "https://www.northamericanforts.com/West/nd.html",
    "section": "West",
    "filename": "nd",
    "state_code": "nd",
    "state_name": "North Dakota"
  },
  {
    "url": "https://www.northamericanforts.com/West/ndwest.html",
    "section": "West",
    "filename": "ndwest",
    "state_code": "nd",
    "state_name": "North Dakota"
  },
  {
    "url": "https://www.northamericanforts.com/West/ne-west.html",
    "section": "West",
    "filename": "ne-west",
    "state_code": "ne",
    "state_name": "Nebraska"
  },
  {
    "url": "https://www.northamericanforts.com/West/ne.html",
    "section": "West",
    "filename": "ne",
    "state_code": "ne",
    "state_name": "Nebraska"
  },
  {
    "url": "https://www.northamericanforts.com/West/nm.html",
    "section": "West",
    "filename": "nm",
    "state_code": "nm",
    "state_name": "New Mexico"
  },
  {
    "url": "https://www.northamericanforts.com/West/nm2.html",
    "section": "West",
    "filename": "nm2",
    "state_code": "nm",
    "state_name": "New Mexico"
  },
  {
    "url": "https://www.northamericanforts.com/West/nmi.html",
    "section": "West",
    "filename": "nmi",
    "state_code": "nm",
    "state_name": "New Mexico"
  },
  {
    "url": "https://www.northamericanforts.com/West/nv.html",
    "section": "West",
    "filename": "nv",
    "state_code": "nv",
    "state_name": "Nevada"
  },
  {
    "url": "https://www.northamericanforts.com/West/ok.html",
    "section": "West",
    "filename": "ok",
    "state_code": "ok",
    "state_name": "Oklahoma"
  },
  {
    "url": "https://www.northamericanforts.com/West/okwest.html",
    "section": "West",
    "filename": "okwest",
    "state_code": "ok",
    "state_name": "Oklahoma"
  },
  {
    "url": "https://www.northamericanforts.com/West/or.html",
    "section": "West",
    "filename": "or",
    "state_code": "or",
    "state_name": "Oregon"
  },
  {
    "url": "https://www.northamericanforts.com/West/or2.html",
    "section": "West",
    "filename": "or2",
    "state_code": "or",
    "state_name": "Oregon"
  },
  {
    "url": "https://www.northamericanforts.com/West/pacific.html",
    "section": "West",
    "filename": "pacific",
    "state_code": "pa",
    "state_name": "Pennsylvania"
  },
  {
    "url": "https://www.northamericanforts.com/West/pi.html",
    "section": "West",
    "filename": "pi",
    "state_code": "pi",
    "state_name": "PI"
  },
  {
    "url": "https://www.northamericanforts.com/West/sd.html",
    "section": "West",
    "filename": "sd",
    "state_code": "sd",
    "state_name": "South Dakota"
  },
  {
    "url": "https://www.northamericanforts.com/West/sdwest.html",
    "section": "West",
    "filename": "sdwest",
    "state_code": "sd",
    "state_name": "South Dakota"
  },
  {
    "url": "https://www.northamericanforts.com/West/tx-cent.html",
    "section": "West",
    "filename": "tx-cent",
    "state_code": "tx",
    "state_name": "Texas"
  },
  {
    "url": "https://www.northamericanforts.com/West/tx-coast1.html",
    "section": "West",
    "filename": "tx-coast1",
    "state_code": "tx",
    "state_name": "Texas"
  },
  {
    "url": "https://www.northamericanforts.com/West/tx-coast2.html",
    "section": "West",
    "filename": "tx-coast2",
    "state_code": "tx",
    "state_name": "Texas"
  },
  {
    "url": "https://www.northamericanforts.com/West/tx-ncent.html",
    "section": "West",
    "filename": "tx-ncent",
    "state_code": "tx",
    "state_name": "Texas"
  },
  {
    "url": "https://www.northamericanforts.com/West/tx-scent.html",
    "section": "West",
    "filename": "tx-scent",
    "state_code": "tx",
    "state_name": "Texas"
  },
  {
    "url": "https://www.northamericanforts.com/West/tx-south.html",
    "section": "West",
    "filename": "tx-south",
    "state_code": "tx",
    "state_name": "Texas"
  },
  {
    "url": "https://www.northamericanforts.com/West/tx-sw.html",
    "section": "West",
    "filename": "tx-sw",
    "state_code": "tx",
    "state_name": "Texas"
  },
  {
    "url": "https://www.northamericanforts.com/West/tx-west.html",
    "section": "West",
    "filename": "tx-west",
    "state_code": "tx",
    "state_name": "Texas"
  },
  {
    "url": "https://www.northamericanforts.com/West/tx.html",
    "section": "West",
    "filename": "tx",
    "state_code": "tx",
    "state_name": "Texas"
  },
  {
    "url": "https://www.northamericanforts.com/West/ut.html",
    "section": "West",
    "filename": "ut",
    "state_code": "ut",
    "state_name": "Utah"
  },
  {
    "url": "https://www.northamericanforts.com/West/ut2.html",
    "section": "West",
    "filename": "ut2",
    "state_code": "ut",
    "state_name": "Utah"
  },
  {
    "url": "https://www.northamericanforts.com/West/wa.html",
    "section": "West",
    "filename": "wa",
    "state_code": "wa",
    "state_name": "Washington"
  },
  {
    "url": "https://www.northamericanforts.com/West/wa2.html",
    "section": "West",
    "filename": "wa2",
    "state_code": "wa",
    "state_name": "Washington"
  },
  {
    "url": "https://www.northamericanforts.com/West/westforts.html",
    "section": "West",
    "filename": "westforts",
    "state_code": "we",
    "state_name": "WE"
  },
  {
    "url": "https://www.northamericanforts.com/West/wy.html",
    "section": "West",
    "filename": "wy",
    "state_code": "wy",
    "state_name": "Wyoming"
  }
]